{"json":[
	{"id":"3001","name":"招商银行(借)","imgUrl":"招商银行.jpg"},
	{"id":"3002","name":"工商银行(借)","imgUrl":"工商银行.jpg"},
	{"id":"3003","name":"建设银行(借)","imgUrl":"建设银行.jpg"},
	{"id":"3004","name":"浦发银行(借)","imgUrl":"浦发银行.jpg"},
	{"id":"3005","name":"农业银行(借)","imgUrl":"农业银行.jpg"},
	{"id":"3006","name":"民生银行(借)","imgUrl":"民生银行.jpg"},
	{"id":"3009","name":"兴业银行(借)","imgUrl":"兴业银行.jpg"},
	{"id":"3020","name":"交通银行(借)","imgUrl":"交通银行.jpg"},
	{"id":"3022","name":"光大银行(借)","imgUrl":"光大银行.jpg"},
	{"id":"3026","name":"中国银行(借)","imgUrl":"中国银行.jpg"},
	{"id":"3032","name":"北京银行(借)","imgUrl":"北京银行.jpg"},
	{"id":"3033","name":"东亚银行(借)","imgUrl":"东亚银行.jpg"},
	{"id":"3034","name":"渤海银行(借)","imgUrl":"渤海银行.jpg"},
	{"id":"3035","name":"平安银行(借)","imgUrl":"平安银行.jpg"},
	{"id":"3036","name":"广发银行(借)","imgUrl":"广发银行.jpg"},
	{"id":"3037","name":"上海农商银行(借)","imgUrl":"上海农商银行.jpg"},
	{"id":"3038","name":"邮政储蓄银行(借)","imgUrl":"中国邮政储蓄银行.jpg"},
	{"id":"3039","name":"中信银行(借)","imgUrl":"中信银行.jpg"},
	{"id":"3040","name":"杭州银行(借)","imgUrl":"杭州银行.jpg"},
	{"id":"3041","name":"徽商银行(借)","imgUrl":"徽商银行.jpg"},
	{"id":"3042","name":"南京银行(借)","imgUrl":"南京银行.jpg"},
	{"id":"3043","name":"浙商银行(借)","imgUrl":"浙商银行.jpg"},
	{"id":"3046","name":"宁波银行(借)","imgUrl":"宁波银行.jpg"},
	{"id":"3047","name":"日照银行(借)","imgUrl":"日照银行.jpg"},
	{"id":"3048","name":"河北银行(借)","imgUrl":"河北银行.jpg"},
	{"id":"3050","name":"华夏银行(借)","imgUrl":"华夏银行.jpg"},
	{"id":"3051","name":"威海市商业银行(借)","imgUrl":"威海市商业银行.jpg"},
	{"id":"3053","name":"广州银行(借)","imgUrl":"广州银行.jpg"},
	{"id":"3055","name":"大连银行(借)","imgUrl":"大连银行.jpg"},
	{"id":"3056","name":"东莞银行(借)","imgUrl":"东莞银行.jpg"},
	{"id":"3057","name":"富滇银行(借)","imgUrl":"富滇银行.jpg"},
	{"id":"3059","name":"上海银行(借)","imgUrl":"上海银行.jpg"},
	{"id":"3060","name":"北京农商银行(借)","imgUrl":"北京农商银行.jpg"},
	{"id":"3065","name":"青岛银行（借）","imgUrl":"青岛银行.jpg"},
	{"id":"3066","name":"厦门银行（借）","imgUrl":"default.jpg"},
	{"id":"3067","name":"张家港农商银行（借）","imgUrl":"张家港农商银行.jpg"},
	{"id":"3068","name":"苏州银行（借）","imgUrl":"苏州银行.jpg"},
	{"id":"3069","name":"九江银行（借）","imgUrl":"九江银行.jpg"},
	{"id":"3070","name":"齐商银行（借）","imgUrl":"齐商银行.jpg"},
	{"id":"3071","name":"东营市商业银行（借）","imgUrl":"东营银行.jpg"},
	{"id":"3072","name":"江苏银行（借）","imgUrl":"江苏银行.jpg"},
	{"id":"3073","name":"乌鲁木齐商业银行（借）","imgUrl":"乌鲁木齐银行.jpg"},
	{"id":"3074","name":"泰安市商业银行(借）","imgUrl":"泰安市商业银行.jpg"},
	{"id":"3075","name":"上饶银行（借）","imgUrl":"上饶银行.jpg"},
	{"id":"3076","name":"宁夏银行（借）","imgUrl":"宁夏银行.jpg"},
	{"id":"3077","name":"深圳农村商业银行（借）","imgUrl":"深圳农村商业银行.jpg"},
	{"id":"3078","name":"重庆农商行（借）","imgUrl":"重庆农商行.jpg"},
	{"id":"3079","name":"海南省农村信用社联合社（借）","imgUrl":"海南省农村信用社联合社.jpg"},
	{"id":"3082","name":"广西北部湾银行（借）","imgUrl":"广西北部湾银行.jpg"},
	{"id":"3083","name":"德州商行（借）","imgUrl":"德州银行.jpg"},
	{"id":"3084","name":"长沙商行（借）","imgUrl":"长沙银行.jpg"},
	{"id":"3085","name":"温州商行（借）","imgUrl":"温州银行.jpg"},
	{"id":"3086","name":"汉口银行（借）","imgUrl":"汉口银行.jpg"},
	{"id":"3087","name":"顺德农商行（借）","imgUrl":"顺德农商银行.jpg"},
	{"id":"3088","name":"齐鲁银行（借）","imgUrl":"齐鲁银行.jpg"},
	{"id":"4001","name":"招商银行(贷)","imgUrl":"default.jpg"},
	{"id":"4002","name":"工商银行(贷)","imgUrl":"default.jpg"},
	{"id":"4003","name":"建设银行(贷)","imgUrl":"default.jpg"},
	{"id":"4004","name":"浦发银行(贷)","imgUrl":"default.jpg"},
	{"id":"4005","name":"农业银行(贷)","imgUrl":"default.jpg"},
	{"id":"4006","name":"民生银行(贷)","imgUrl":"default.jpg"},
	{"id":"4009","name":"兴业银行(贷)","imgUrl":"default.jpg"},
	{"id":"4020","name":"交通银行(贷)","imgUrl":"default.jpg"},
	{"id":"4022","name":"光大银行(贷)","imgUrl":"default.jpg"},
	{"id":"4026","name":"中国银行(贷)","imgUrl":"default.jpg"},
	{"id":"4032","name":"北京银行(贷)","imgUrl":"default.jpg"},
	{"id":"4035","name":"平安银行(贷)","imgUrl":"default.jpg"},
	{"id":"4036","name":"广发银行(贷)","imgUrl":"default.jpg"},
	{"id":"4037","name":"上海农商银行(贷)","imgUrl":"default.jpg"},
	{"id":"4038","name":"邮政储蓄银行(贷)","imgUrl":"default.jpg"},
	{"id":"4039","name":"中信银行(贷)","imgUrl":"default.jpg"},
	{"id":"4040","name":"杭州银行(贷)","imgUrl":"default.jpg"},
	{"id":"4041","name":"徽商银行(贷)","imgUrl":"default.jpg"},
	{"id":"4043","name":"浙商银行(贷)","imgUrl":"default.jpg"},
	{"id":"4046","name":"宁波银行(贷)","imgUrl":"default.jpg"},
	{"id":"4047","name":"日照银行(贷)","imgUrl":"default.jpg"},
	{"id":"4048","name":"河北银行(贷)","imgUrl":"default.jpg"},
	{"id":"4050","name":"华夏银行(贷)","imgUrl":"default.jpg"},
	{"id":"4053","name":"广州银行(贷)","imgUrl":"default.jpg"},
	{"id":"4055","name":"大连银行(贷)","imgUrl":"default.jpg"},
	{"id":"4056","name":"东莞银行(贷)","imgUrl":"default.jpg"},
	{"id":"4057","name":"富滇银行(贷)","imgUrl":"default.jpg"},
	{"id":"4059","name":"上海银行(贷)","imgUrl":"default.jpg"},
	{"id":"4060","name":"北京农商银行(贷) ","imgUrl":"default.jpg"},
	{"id":"4065","name":"青岛银行B2C（贷）","imgUrl":"default.jpg"},
	{"id":"4066","name":"厦门银行B2C（贷）","imgUrl":"default.jpg"},
	{"id":"4067","name":"张家港农商银行B2C（贷）","imgUrl":"default.jpg"},
	{"id":"4068","name":"苏州银行B2C（贷）","imgUrl":"default.jpg"},
	{"id":"4069","name":"九江银行B2C（贷）","imgUrl":"default.jpg"},
	{"id":"4070","name":"齐商银行（贷）","imgUrl":"default.jpg"},
	{"id":"4071","name":"东营市商业银行（贷）","imgUrl":"default.jpg"},
	{"id":"4072","name":"江苏银行（贷）","imgUrl":"default.jpg"},
	{"id":"4073","name":"乌鲁木齐商业银行（贷）","imgUrl":"default.jpg"},
	{"id":"4074","name":"泰安市商业银行(贷）","imgUrl":"default.jpg"},
	{"id":"4075","name":"上饶银行（贷）","imgUrl":"default.jpg"},
	{"id":"4076","name":"宁夏银行（贷）","imgUrl":"default.jpg"},
	{"id":"4077","name":"深圳农村商业银行（贷）","imgUrl":"default.jpg"},
	{"id":"4078","name":"重庆农商行（贷）","imgUrl":"default.jpg"},
	{"id":"4079","name":"海南省农村信用社联合社（贷）","imgUrl":"default.jpg"},
	{"id":"4082","name":"广西北部湾银行（贷）","imgUrl":"default.jpg"},
	{"id":"4083","name":"德州商行（贷）","imgUrl":"default.jpg"},
	{"id":"4084","name":"长沙商行（贷）","imgUrl":"default.jpg"},
	{"id":"4085","name":"温州商行（贷）","imgUrl":"default.jpg"},
	{"id":"4086","name":"汉口银行（贷）","imgUrl":"default.jpg"}
]}