{
	"certificateType" : [{
            			"id" :44,
            			"text" : "身份证"
            		},{
            			"id" :45,
            			"text" : "护照"
            		},{
            			"id" :46,
            			"text" : "军官证"
            		},{
            			"id" :47,
            			"text" : "士兵证"
            		},{
            			"id" :48,
            			"text" : "港澳居民来往内地通行证"
            		},{
            			"id" :49,
            			"text" : "户口本"
            		},{
            			"id" :50,
            			"text" : "外国护照"
            		},{
            			"id" :51,
            			"text" : "文职证"
            		},{
            			"id" :52,
            			"text" : "警官证"
            		},{
            			"id" :53,
            			"text" : "台胞证"
            		},{
            			"id" :54,
            			"text" : "回乡证"
            		},{
            			"id" :55,
            			"text" : "解放军文职干部证"
            		},{
            			"id" :56,
            			"text" : "武警文职干部证"
            		},{
            			"id" :57,
            			"text" : "重号身份证"
            		},{
            			"id" :58,
            			"text" : "其它"
            		}
            ]
}