 { "industry" :[{
 			"name":"农、林、牧、渔业",
 			"val":67
 			},{
 			"name":"采矿业",
 			"val":68
 			},{
 			"name":"制造业",
 			"val":69
 			},{
 			"name":"电力、热力、燃气及水的生产和供应业",
 			"val":70
 			},{
 			"name":"建筑业",
 			"val":71
 			},{
 			"name":"批发和零售业",
 			"val":72
 			},{
 			"name":"交通运输、仓储和邮政业",
 			"val":73
 			},{
 			"name":"住宿和餐饮业",
 			"val":74
 			},{
 			"name":"信息传输、软件和信息技术服务业",
 			"val":75
 			},{
 			"name":"金融业",
 			"val":76
 			},{
 			"name":"房地产业",
 			"val":77
 			},{
 			"name":"租赁和商务服务业",
 			"val":78
 			},{
 			"name":"科学研究和技术服务业",
 			"val":79
 			},{
 			"name":"水利、环境和公共设施管理业",
 			"val":80
 			},{
 			"name":"居民服务、修理和其他服务业",
 			"val":81
 			},{
 			"name":"教育",
 			"val":82
 			},{
 			"name":"卫生和社会工作",
 			"val":83
 			},{
 			"name":"文化、体育和娱乐业",
 			"val":84
 			},{
 			"name":"综合",
 			"val":85
 			}]
 }
 	
 	
 	


  