[
    { "value": "http://192.168.1.188:8889/riskcontrol/", "name": "188环境" },
    { "value": "http://192.168.1.181:8080/riskcontrol/", "name": "181环境" },
    { "value": "http://jy2017.iask.in:10482/riskcontrol/", "name": "线下稳定版" },
    { "value": "http://192.168.1.166:8080/riskcontrol/", "name": "166环境" },
    { "value": "http://192.168.1.31:8080/riskcontrol/", "name": "31环境" },
    { "value": "http://116.231.63.56:22107/riskcontrol/", "name": "外网映射环境" },
    { "value": "http://192.168.1.99:8080/riskcontrol/", "name": "99" },
    { "value": "http://lhs.fdetc.com:33116/riskcontrol/", "name": "福岛能源" },
    { "value": "http://lhs.fdetc.com:33128/riskcontrol/", "name": "福岛能源模拟盘" },
    { "value": "http://yzt.zhongyangqh.com:55110/riskcontrol/", "name": "一通交易平台" },
    { "value": "https://key.xjzzsp.cn/riskcontrol/", "name": "新疆中州" },
    { "value": "http://192.168.1.158:8080/riskcontrol/", "name": "158测试" },
    { "value": "http://98k.tfstock.com.cn:55110/riskcontrol/", "name": "资证通" },
    { "value": "https://lhs.fdetc.com:33114/riskcontrol/", "name": "福岛Https" }
]