 { "occupation":[{
 			"name":"文教科卫专业人员",
 			"val":"93"
 			},{
 			"name":"党政机关干部",
 			"val":"94"
 			},{
 			"name":"企事业单位干部",
 			"val":"95"
 			},{
 			"name":"行政企业事业单位干部",
 			"val":"96"
 			},{
 			"name":"行政企业事业单位工人",
 			"val":"97"
 			},{
 			"name":"农民",
 			"val":"98"
 			},{
 			"name":"个体",
 			"val":"99"
 			},{
 			"name":"无业",
 			"val":"100"
 			},{
 			"name":"学生",
 			"val":"101"
 			},{
 			"name":"证券从业人员",
 			"val":"102"
 			},{
 			"name":"其它",
 			"val":"103"
 			}]
 }
 	
 	
 	


  