[
    { "value": "0", "name": "指令失败"},
    { "value": "1", "name": "已受理"},
    { "value": "2", "name": "已挂起"},
    { "value": "3", "name": "已排队"},
    { "value": "4", "name": "待撤销"},
    { "value": "5", "name": "待修改"},
    { "value": "6", "name": "部分撤单"},
    { "value": "7", "name": "完全撤单"},
    { "value": "8", "name": "部分成交"},
    { "value": "9", "name": "全成交"},
    { "value": "10", "name": "部分成交还在队列中"},
    { "value": "11", "name": "部分成交不在队列中"},
    { "value": "12", "name": "未成交还在队列中"},
    { "value": "13", "name": "未成交不在队列中"},
    { "value": "14", "name": "撤单"},
    { "value": "15", "name": "未知"},
    { "value": "16", "name": "尚未触发"},
    { "value": "17", "name": "已触发"}
]